{"CIFARC10:Alexnet:TRADES_LOSS:BETA=0.2": 294.06001830101013, "CIFARC10:Alexnet:TRADES_LOSS:BETA=0.16666666666666666": 279.0898440480232, "CIFARC10:Alexnet:CE_LOSS": 122.0234973281622, "CIFARC10:Alexnet:TRADES_LOSS:BETA=2.0": 706.110030412674, "CIFARC10:Alexnet:TRADES_LOSS:BETA=0.5": 681.105673789978, "CIFARC10_Alexnet_CUSTOM_LOSS_SEVERITY=0.05_WNOISE=0.1_TAU1=10_TAU2=-10_EPOCHS=50": -1251.5287852287292, "CIFARC10_Alexnet_CUSTOM_LOSS_SEVERITY=0.05_WNOISE=0.2_TAU1=10_TAU2=-10_EPOCHS=50": -1293.94526720047, "CIFARC10_Alexnet_CUSTOM_LOSS_SEVERITY=0.05_WNOISE=0.5_TAU1=10_TAU2=-10_EPOCHS=50": -7205.48920249939, "CIFARC10_Alexnet_CUSTOM_LOSS_SEVERITY=0.05_WNOISE=1.0_TAU1=10_TAU2=-10_EPOCHS=50": 4007.1762018203735}