{"CIFARC10:Alexnet:TRADES_LOSS:BETA=0.2": 294.06001830101013, "CIFARC10:Alexnet:TRADES_LOSS:BETA=0.16666666666666666": 279.0898440480232, "CIFARC10:Alexnet:CE_LOSS": 122.0234973281622, "CIFARC10:Alexnet:TRADES_LOSS:BETA=2.0": 706.110030412674, "CIFARC10:Alexnet:TRADES_LOSS:BETA=0.5": 681.105673789978}