{"CIFARC10:Alexnet:TRADES_LOSS:BETA=0.5": 37.842, "CIFARC10:Alexnet:TRADES_LOSS:BETA=0.3333333333333333": 32.602, "CIFARC10:Alexnet:TRADES_LOSS:BETA=0.25": 33.312, "CIFARC10:Alexnet:TRADES_LOSS:BETA=0.6": 32.172, "CIFARC10:Alexnet:TRADES_LOSS:BETA=0.2": 31.578, "CIFARC10:Alexnet:TRADES_LOSS:BETA=0.16666666666666666": 29.168, "CIFARC10:Alexnet:CE_LOSS": 31.714}