{"CIFARC10_Alexnet_CUSTOM_LOSS_SEVERITY=0.05_WNOISE=0.1_TAU1=10_TAU2=-10_EPOCHS=50": 461.3297698497772, "CIFARC10_Alexnet_CUSTOM_LOSS_SEVERITY=0.05_WNOISE=0.2_TAU1=10_TAU2=-10_EPOCHS=50": 135.41002225875854, "CIFARC10_Alexnet_CUSTOM_LOSS_SEVERITY=0.05_WNOISE=0.5_TAU1=10_TAU2=-10_EPOCHS=50": 162.867844581604, "CIFARC10_Alexnet_CUSTOM_LOSS_SEVERITY=0.05_WNOISE=1.0_TAU1=10_TAU2=-10_EPOCHS=50": 66.09540176391602, "CIFARC10_Alexnet_CE_LOSS_EPOCHS=50": 469.22185826301575, "CIFARC10_Alexnet_TRADES_LOSS_BETA=0.5_EPOCHS=50": 734.3352980613708}